email,name,designation,location,institution
john.doe@example.com,John Doe,Software Engineer,New York,Tech University
jane.smith@example.com,Jane Smith,Data Analyst,San Francisco,Stanford University
michael.johnson@example.com,Michael Johnson,Product Manager,Chicago,Harvard University
linda.williams@example.com,Linda Williams,UI/UX Designer,Los Angeles,UCLA
robert.brown@example.com,Robert Brown,Full Stack Developer,Seattle,MIT
patricia.davis@example.com,Patricia Davis,DevOps Engineer,Austin,Texas A&M University
david.miller@example.com,David Miller,Backend Developer,Boston,Yale University
susan.wilson@example.com,Susan Wilson,Data Scientist,Denver,University of Colorado
james.moore@example.com,James Moore,Mobile App Developer,Phoenix,Arizona State University
elizabeth.taylor@example.com,Elizabeth Taylor,Frontend Developer,Miami,University of Miami
